Counter,Date:,Info,Signal type,Time (24h),Network type,dBm,dBm average,Best signal,Percent,Percent average,Data state:,Data activity:,My Location latitude,My Location longitude,Tower Cell ID - short,Tower Cell ID - long,Tower LAC (Local Area Code)
,Log date: 7/10/18
,Log start: 13:49:14
,Log interval: 30 seconds
,Device/Model: ASUS_X00QD
,Android: OREO - Version 8.0.0
,Net. op.: Iliad
,Sim op.: Iliad
,Network type UMTS * 384 kbps
,Phone type: GSM
,Country code: it
,Device ID: 354708090945403
1,7/10/18 * 13:49:45,HAVE MOBILE CONNECTION,mobile,13:49:45,UMTS * 384 kbps,-87,-87,-87,46%,46%,Disconnected, ,45.38074968,11.88754827,32772,17203204,25060
2,7/10/18 * 13:50:15,HAVE MOBILE CONNECTION,mobile,13:50:15,UMTS * 384 kbps,-87,-87,-87,46%,46%,Disconnected, ,45.381036202550725,11.887614095463658,32772,17203204,25060
3,7/10/18 * 13:50:45,HAVE MOBILE CONNECTION,mobile,13:50:45,UMTS * 384 kbps,-85,-86,-85,50%,47%,Connected,Unknown,45.381036202550725,11.887614095463658,32772,17203204,25060
4,7/10/18 * 13:51:15,HAVE MOBILE CONNECTION,mobile,13:51:15,LTE,-120,-94,-85,25%,41%,Connected,no activity,45.381036202550725,11.887614095463658,5646,59971086,24129
