Counter,Date:,Info,Signal type,Time (24h),Network type,dBm,dBm average,Best signal,Percent,Percent average,Data state:,Data activity:,My Location latitude,My Location longitude,Tower Cell ID - short,Tower Cell ID - long,Tower LAC (Local Area Code)
,Log date: 7/11/18
,Log start: 17:14:16
,Log interval: 10 seconds
,Device/Model: ASUS_X00QD
,Android: OREO - Version 8.0.0
,Net. op.: Iliad
,Sim op.: Iliad
,Network type (DC)HSPA+ * 42.2 Mbps
,Phone type: GSM
,Country code: it
,Device ID: 354708090945403
1,7/11/18 * 17:14:27,HAVE MOBILE CONNECTION,mobile,17:14:27,(DC)HSPA+ * 42.2 Mbps,-63,-63,-63,89%,89%,Connected,no activity,45.38597874,11.86653287,65535,2147483647,25060
2,7/11/18 * 17:14:39,HAVE MOBILE CONNECTION,mobile,17:14:39,(DC)HSPA+ * 42.2 Mbps,-63,-63,-63,89%,89%,Connected,no activity,45.38597874,11.86653287,65535,2147483647,25060
3,7/11/18 * 17:14:54,HAVE MOBILE CONNECTION,mobile,17:14:54,(DC)HSPA+ * 42.2 Mbps,-63,-63,-63,89%,89%,Connected,no activity,45.38597874,11.86653287,65535,2147483647,25060
4,7/11/18 * 17:15:4,HAVE MOBILE CONNECTION,mobile,17:15:4,UMTS * 384 kbps,-63,-63,-63,89%,89%,Connected,no activity,45.38597874,11.86653287,65535,2147483647,25060
5,7/11/18 * 17:15:17,HAVE MOBILE CONNECTION,mobile,17:15:17,(DC)HSPA+ * 42.2 Mbps,-63,-63,-63,89%,89%,Connected,no activity,45.38597874,11.86653287,8125,17178557,25060
