Counter,Date:,Info,Signal type,Time (24h),Network type,dBm,dBm average,Best signal,Percent,Percent average,Data state:,Data activity:,My Location latitude,My Location longitude,Tower Cell ID - short,Tower Cell ID - long,Tower LAC (Local Area Code)
,Log date: 7/10/18
,Log start: 15:58:1
,Log interval: 10 seconds
,Device/Model: ASUS_X00QD
,Android: OREO - Version 8.0.0
,Net. op.: Iliad
,Sim op.: Iliad
,Network type (DC)HSPA+ * 42.2 Mbps
,Phone type: GSM
,Country code: it
,Device ID: 354708090945403
1,7/10/18 * 15:58:11,HAVE MOBILE CONNECTION,mobile,15:58:11,UMTS * 384 kbps,-83,-83,-83,53%,53%,Connected,no activity,45.67463025862061,12.256521206465486,36305,17403345,25065
2,7/10/18 * 15:58:21,HAVE MOBILE CONNECTION,mobile,15:58:21,UMTS * 384 kbps,-83,-83,-83,53%,53%,Connected,no activity,45.67463025862061,12.256521206465486,36342,17403382,25065
3,7/10/18 * 15:58:32,HAVE MOBILE CONNECTION,mobile,15:58:32,(DC)HSPA+ * 42.2 Mbps,-83,-83,-83,53%,53%,Connected,no activity,45.67463025862061,12.256521206465486,36342,17403382,25065
4,7/10/18 * 15:58:42,HAVE MOBILE CONNECTION,mobile,15:58:42,(DC)HSPA+ * 42.2 Mbps,-91,-85,-83,39%,49%,Connected,upload + download activity,45.67447031,12.25660161,65535,2147483647,25065
5,7/10/18 * 15:58:52,HAVE MOBILE CONNECTION,mobile,15:58:52,(DC)HSPA+ * 42.2 Mbps,-91,-86,-83,39%,47%,Connected,no activity,45.67452929,12.25653211,27056,17394096,25065
6,7/10/18 * 15:59:2,HAVE MOBILE CONNECTION,mobile,15:59:2,UMTS * 384 kbps,-91,-87,-83,39%,46%,Connected,no activity,45.67452929,12.25653211,27056,17394096,25065
7,7/10/18 * 15:59:12,HAVE MOBILE CONNECTION,mobile,15:59:12,(DC)HSPA+ * 42.2 Mbps,-89,-87,-83,42%,45%,Connected,no activity,45.67452929,12.25653211,27019,17394059,25065
8,7/10/18 * 15:59:22,HAVE MOBILE CONNECTION,mobile,15:59:22,(DC)HSPA+ * 42.2 Mbps,-87,-87,-83,46%,45%,Connected,no activity,45.67452929,12.25653211,27056,17394096,25065
9,7/10/18 * 15:59:33,HAVE MOBILE CONNECTION,mobile,15:59:33,UMTS * 384 kbps,-87,-87,-83,46%,45%,Connected,no activity,45.67452929,12.25653211,27019,17394059,25065
10,7/10/18 * 15:59:43,HAVE MOBILE CONNECTION,mobile,15:59:43,UMTS * 384 kbps,-87,-87,-83,46%,45%,Connected,Unknown,45.67452929,12.25653211,27019,17394059,25065
11,7/10/18 * 15:59:53,HAVE MOBILE CONNECTION,mobile,15:59:53,Unknown,-81,-86,-81,57%,46%,Disconnected, ,45.67452929,12.25653211,52796,17419836,25065
12,7/10/18 * 16:0:3,HAVE MOBILE CONNECTION,mobile,16:0:3,(DC)HSPA+ * 42.2 Mbps,-81,-86,-81,57%,47%,Connected,upload activity,45.67452929,12.25653211,52796,17419836,25065
13,7/10/18 * 16:0:13,HAVE MOBILE CONNECTION,mobile,16:0:13,(DC)HSPA+ * 42.2 Mbps,-81,-85,-81,57%,48%,Connected,upload activity,45.67452929,12.25653211,52796,17419836,25065
14,7/10/18 * 16:0:23,HAVE MOBILE CONNECTION,mobile,16:0:23,UMTS * 384 kbps,-81,-85,-81,57%,48%,Connected,Unknown,45.67452929,12.25653211,52796,17419836,25065
15,7/10/18 * 16:0:33,HAVE MOBILE CONNECTION,mobile,16:0:33,(DC)HSPA+ * 42.2 Mbps,-81,-85,-81,57%,49%,Connected,no activity,45.67452929,12.25653211,65535,2147483647,25065
16,7/10/18 * 16:0:43,HAVE MOBILE CONNECTION,mobile,16:0:43,(DC)HSPA+ * 42.2 Mbps,-85,-85,-81,50%,49%,Connected,no activity,45.67452929,12.25653211,65535,2147483647,25065
17,7/10/18 * 16:0:53,HAVE MOBILE CONNECTION,mobile,16:0:53,(DC)HSPA+ * 42.2 Mbps,-85,-85,-81,50%,49%,Connected,Unknown,45.67452929,12.25653211,65535,2147483647,25065
18,7/10/18 * 16:1:5,HAVE MOBILE CONNECTION,mobile,16:1:5,(DC)HSPA+ * 42.2 Mbps,-85,-85,-81,50%,49%,Connected,Unknown,45.67452929,12.25653211,65535,2147483647,25065
19,7/10/18 * 16:1:20,HAVE MOBILE CONNECTION,mobile,16:1:20,UMTS * 384 kbps,-89,-85,-81,42%,49%,Connected,Unknown,45.67452929,12.25653211,52796,17419836,25065
20,7/10/18 * 16:1:30,HAVE MOBILE CONNECTION,mobile,16:1:30,(DC)HSPA+ * 42.2 Mbps,-89,-85,-81,42%,48%,Connected,no activity,45.67452929,12.25653211,52796,17419836,25065
21,7/10/18 * 16:1:40,HAVE MOBILE CONNECTION,mobile,16:1:40,(DC)HSPA+ * 42.2 Mbps,-89,-85,-81,42%,48%,Connected,no activity,45.67452929,12.25653211,52796,17419836,25065
22,7/10/18 * 16:1:51,HAVE MOBILE CONNECTION,mobile,16:1:51,(DC)HSPA+ * 42.2 Mbps,-89,-85,-81,42%,48%,Connected,no activity,45.67452929,12.25653211,52796,17419836,25065
